id	cost	score	score3v3	band	pct	state	tax	taxPct	taxState	unpriced
acorn_toss	0	1.2	1.2	1	20	OUT OF BAND	1.2	0	IN BAND	
ash_communion	2	4.3	4.3	6.5	-34	IN BAND	7	-39	IN BAND	
bark_lash	0	0.7	0.7	1	-30	IN BAND	1.2	-42	IN BAND	
bark_smash	2	0.7	0.7	6.5	-89	IN BAND	7	-90	IN BAND	
battle_rhythm	1	3.1	3.1	3	3	WITHIN TOLERANCE	3	3	WITHIN TOLERANCE	
blightbloom	2	7.5	7.5	6.5	15	WITHIN TOLERANCE	7	7	WITHIN TOLERANCE	
blind_spot	0	1.1	1.1	1	10	WITHIN TOLERANCE	1.2	-8	IN BAND	
blood_rite	1	3.4	3.4	3	13	WITHIN TOLERANCE	3	13	WITHIN TOLERANCE	
boiling_surge	2	7.3	7.3	6.5	12	WITHIN TOLERANCE	7	4	WITHIN TOLERANCE	
bolster	1	1.1	1.1	3	-63	IN BAND	3	-63	IN BAND	
brand	1	3.1	3.1	3	3	WITHIN TOLERANCE	3	3	WITHIN TOLERANCE	
brute_force	1	3.1	3.1	3	3	WITHIN TOLERANCE	3	3	WITHIN TOLERANCE	
capacitor	2	9.5	9.5	6.5	46	OUT OF BAND	7	36	OUT OF BAND	
cinder_armor	2	0.2	0.2	6.5	-97	IN BAND	7	-97	IN BAND	
cinder_lance	2	4	4	6.5	-38	IN BAND	7	-43	IN BAND	
contagion	2	20.4	20.4	6.5	214	OUT OF BAND	7	191	OUT OF BAND	MULTIPLY_STATUS
core_overclock	2	0	0	6.5	-100	MANUAL REVIEW	7	-100	MANUAL REVIEW	HOOK:onDamageCalculated
corrosive_bolt	1	1.8	1.8	3	-40	IN BAND	3	-40	IN BAND	
corrosive_leak	0	2.3	2.3	1	130	OUT OF BAND	1.2	92	OUT OF BAND	
crimson_draw	1	4.1	4.1	3	37	OUT OF BAND	3	37	OUT OF BAND	
crippling_vine	2	5.9	5.9	6.5	-9	IN BAND	7	-16	IN BAND	
crushing_depths	2	4.5	4.5	6.5	-31	IN BAND	7	-36	IN BAND	
deep_scan	1	3.2	3.2	3	7	WITHIN TOLERANCE	3	7	WITHIN TOLERANCE	
desperate_strike	0	0.4	0.4	1	-60	IN BAND	1.2	-67	IN BAND	
echo_chamber	2	3.6	3.6	6.5	-45	IN BAND	7	-49	IN BAND	
ember_jab	0	1.7	1.7	1	70	OUT OF BAND	1.2	42	OUT OF BAND	
ember_ward	2	7.1	7.1	6.5	9	WITHIN TOLERANCE	7	1	WITHIN TOLERANCE	
feedback_loop	1	0.8	0.8	3	-73	IN BAND	3	-73	IN BAND	
flare_burst	1	3	3	3	0	IN BAND	3	0	IN BAND	
flashover	2	5	5	6.5	-23	IN BAND	7	-29	IN BAND	
forage	0	0.5	0.5	1	-50	IN BAND	1.2	-58	IN BAND	
fury_strike	1	3	3	3	0	IN BAND	3	0	IN BAND	
glass_cannon	1	3.2	3.2	3	7	WITHIN TOLERANCE	3	7	WITHIN TOLERANCE	
heartwood	1	2.5	2.5	3	-17	IN BAND	3	-17	IN BAND	
heat_wave	2	5.6	5.6	6.5	-14	IN BAND	7	-20	IN BAND	MULTIPLY_STATUS
heckle	0	0.9	0.9	1	-10	IN BAND	1.2	-25	IN BAND	
hexbloom	2	3.5	3.5	6.5	-46	IN BAND	7	-50	IN BAND	
hoofbeat	2	2.8	2.8	6.5	-57	IN BAND	7	-60	IN BAND	
howl	1	1.1	1.1	3	-63	IN BAND	3	-63	IN BAND	
hydro_blast	3	12	12	10.5	14	WITHIN TOLERANCE	12	0	IN BAND	
ignite	0	2.2	2.2	1	120	OUT OF BAND	1.2	83	OUT OF BAND	
inferno	2	4	4	6.5	-38	IN BAND	7	-43	IN BAND	
ink_cloud	2	7.7	7.7	6.5	18	OUT OF BAND	7	10	WITHIN TOLERANCE	
ink_stream	1	4.1	4.1	3	37	OUT OF BAND	3	37	OUT OF BAND	
iron_bark	1	3.1	3.1	3	3	WITHIN TOLERANCE	3	3	WITHIN TOLERANCE	
maelstrom	3	11.5	11.5	10.5	10	WITHIN TOLERANCE	12	-4	IN BAND	
mend	1	1.5	1.5	3	-50	IN BAND	3	-50	IN BAND	
molten_core	1	3.9	3.9	3	30	OUT OF BAND	3	30	OUT OF BAND	
nagging_bite	1	2.9	2.9	3	-3	IN BAND	3	-3	IN BAND	
nettle_sting	1	2.5	2.5	3	-17	IN BAND	3	-17	IN BAND	
overclock_core	2	0	0	6.5	-100	MANUAL REVIEW	7	-100	MANUAL REVIEW	MAX_ENERGY
pack_tactics	2	6.9	6.9	6.5	6	WITHIN TOLERANCE	7	-1	IN BAND	
pile_on	2	7.7	7.7	6.5	18	OUT OF BAND	7	10	WITHIN TOLERANCE	
pollen_cloud	0	0.8	0.8	1	-20	IN BAND	1.2	-33	IN BAND	
pressure_point	1	3.5	3.5	3	17	OUT OF BAND	3	17	OUT OF BAND	
ragnarok_edge	1	7	7	3	133	OUT OF BAND	3	133	OUT OF BAND	
reactive_plating	2	2.7	2.7	6.5	-58	IN BAND	7	-61	IN BAND	COUNTER,COUNTER
rejuvenation	1	3.5	3.5	3	17	OUT OF BAND	3	17	OUT OF BAND	
riptide	2	11.9	11.9	6.5	83	OUT OF BAND	7	70	OUT OF BAND	
riptide_run	1	4.5	4.5	3	50	OUT OF BAND	3	50	OUT OF BAND	
sap_strength	1	2	2	3	-33	IN BAND	3	-33	IN BAND	
scald	0	1.4	1.4	1	40	OUT OF BAND	1.2	17	OUT OF BAND	
scavenge_data	1	0	0	3	-100	MANUAL REVIEW	3	-100	MANUAL REVIEW	SEARCH
seed_bomb	2	5	5	6.5	-23	IN BAND	7	-29	IN BAND	
serpent_flurry	1	3	3	3	0	IN BAND	3	0	IN BAND	
serpents_coil	1	2.5	2.5	3	-17	IN BAND	3	-17	IN BAND	
sharp_edge	2	3.6	3.6	6.5	-45	IN BAND	7	-49	IN BAND	
shell_share	1	2.4	2.4	3	-20	IN BAND	3	-20	IN BAND	
short_circuit	2	4.8	4.8	6.5	-26	IN BAND	7	-31	IN BAND	
short_fuse	2	2.9	2.9	6.5	-55	IN BAND	7	-59	IN BAND	
shrug_off	0	1	1	1	0	IN BAND	1.2	-17	IN BAND	
slag_strike	1	2.5	2.5	3	-17	IN BAND	3	-17	IN BAND	
slander	2	4.5	4.5	6.5	-31	IN BAND	7	-36	IN BAND	
snap	1	2.8	2.8	3	-7	IN BAND	3	-7	IN BAND	
snarl	0	0.7	0.7	1	-30	IN BAND	1.2	-42	IN BAND	
soothe	0	-0.8	-0.8	1	-180	MANUAL REVIEW	1.2	-167	MANUAL REVIEW	
spreading_rot	1	2	2	3	-33	IN BAND	3	-33	IN BAND	
static_ward	2	0	0	6.5	-100	MANUAL REVIEW	7	-100	MANUAL REVIEW	HOOK:onStatusApplied
sun_devourer	2	20.4	20.4	6.5	214	OUT OF BAND	7	191	OUT OF BAND	
surge_protection	1	5	5	3	67	OUT OF BAND	3	67	OUT OF BAND	
tackle	0	1.2	1.2	1	20	OUT OF BAND	1.2	0	IN BAND	
tend	0	1	1	1	0	IN BAND	1.2	-17	IN BAND	
thermal_overload	2	0	0	6.5	-100	MANUAL REVIEW	7	-100	MANUAL REVIEW	HOOK:onDamageCalculated,HOOK:onStatusDamageCalculated,HP
thorn_tithe	1	4.1	4.1	3	37	OUT OF BAND	3	37	OUT OF BAND	
thorn_whip	1	1.5	1.5	3	-50	IN BAND	3	-50	IN BAND	
thornguard	1	3.3	3.3	3	10	WITHIN TOLERANCE	3	10	WITHIN TOLERANCE	
tidal_battery	2	7.7	7.7	6.5	18	OUT OF BAND	7	10	WITHIN TOLERANCE	
tidal_wave	3	12.1	12.1	10.5	15	WITHIN TOLERANCE	12	1	WITHIN TOLERANCE	
tide_pool	1	5	5	3	67	OUT OF BAND	3	67	OUT OF BAND	
toxic_surge	1	0.3	0.3	3	-90	IN BAND	3	-90	IN BAND	TRIGGER_STATUS
unbound_fang	1	-1.3	-1.3	3	-143	MANUAL REVIEW	3	-143	MANUAL REVIEW	
undertow	0	1.5	1.5	1	50	OUT OF BAND	1.2	25	OUT OF BAND	
venom_fang	1	3	3	3	0	IN BAND	3	0	IN BAND	
venom_glut	2	1.2	1.2	6.5	-82	IN BAND	7	-83	IN BAND	
verdant_ward	2	6.1	6.1	6.5	-6	IN BAND	7	-13	IN BAND	
war_pact	0	0.7	0.7	1	-30	IN BAND	1.2	-42	IN BAND	
whirlpool	1	3.6	3.6	3	20	OUT OF BAND	3	20	OUT OF BAND	
wildfire	3	11.9	11.9	10.5	13	WITHIN TOLERANCE	12	-1	IN BAND	
